{
  "minecraft:recipes/tools/fishing_rod": {
    "criteria": {
      "has_string": "2022-04-03 19:15:46 +0900"
    },
    "done": true
  },
  "minecraft:recipes/combat/bow": {
    "criteria": {
      "has_string": "2022-04-03 19:15:46 +0900"
    },
    "done": true
  },
  "minecraft:recipes/building_blocks/string_to_wool": {
    "criteria": {
      "has_string": "2022-04-03 19:15:46 +0900"
    },
    "done": true
  },
  "supermoney:power_1": {
    "criteria": {
      "power_1": "2022-04-03 19:15:46 +0900"
    },
    "done": true
  },
  "minecraft:recipes/redstone/tripwire_hook": {
    "criteria": {
      "has_string": "2022-04-03 19:15:46 +0900"
    },
    "done": true
  },
  "minecraft:adventure/adventuring_time": {
    "criteria": {
      "plains": "2022-04-03 19:15:46 +0900"
    },
    "done": false
  }
}