{
  "minecraft:recipes/misc/emerald": {
    "criteria": {
      "has_emerald_block": "2022-04-03 12:54:00 +0900"
    },
    "done": true
  },
  "minecraft:recipes/decorations/chest": {
    "criteria": {
      "has_lots_of_items": "2022-04-03 12:54:00 +0900"
    },
    "done": true
  },
  "minecraft:recipes/building_blocks/emerald_block": {
    "criteria": {
      "has_at_least_9_emerald": "2022-04-03 12:54:00 +0900"
    },
    "done": true
  },
  "minecraft:adventure/adventuring_time": {
    "criteria": {
      "plains": "2022-04-03 12:54:00 +0900"
    },
    "done": false
  }
}