{
  "minecraft:adventure/root": {
    "criteria": {
      "killed_something": "2022-04-03 00:52:57 +0900"
    },
    "done": true
  },
  "minecraft:adventure/kill_a_mob": {
    "criteria": {
      "slime": "2022-04-03 00:52:57 +0900"
    },
    "done": true
  },
  "minecraft:adventure/kill_all_mobs": {
    "criteria": {
      "slime": "2022-04-03 00:52:57 +0900"
    },
    "done": false
  },
  "minecraft:adventure/adventuring_time": {
    "criteria": {
      "plains": "2022-04-03 00:52:27 +0900"
    },
    "done": false
  }
}