{"stat.walkOneCm":7909,"stat.pickup.supermoney.big_money_sword":1,"stat.killEntity.Chicken":1,"stat.leaveGame":3,"stat.pickup.minecraft.feather":1,"stat.drop.supermoney.big_money_sword":1,"stat.useItem.supermoney.big_money_sword":10,"stat.killEntity.Enderman":8,"stat.mobKills":10,"stat.flyOneCm":190159,"stat.drop":1,"stat.jump":94,"stat.playOneMinute":4471,"stat.damageDealt":2720,"stat.pickup.minecraft.chicken":1,"stat.timeSinceDeath":4470,"stat.pickup.minecraft.ender_pearl":10,"stat.sprintOneCm":13882,"stat.useItem.minecraft.stone_slab2":4}