{"stat.flyOneCm":25427,"stat.killEntity.Skeleton":1,"stat.walkOneCm":10154,"stat.pickup.minecraft.bone":1,"stat.jump":43,"stat.playOneMinute":5458,"stat.leaveGame":1,"stat.pickup.minecraft.arrow":1,"stat.damageDealt":20759,"stat.pickup.minecraft.gunpowder":8,"stat.useItem.supermoney.big_money_sword":60,"stat.timeSinceDeath":5457,"stat.killEntity.Enderman":55,"stat.pickup.minecraft.ender_pearl":25,"stat.mobKills":60,"stat.sprintOneCm":4482,"stat.killEntity.Creeper":4,"stat.useItem.minecraft.diamond_sword":6}