{"stat.walkOneCm":19249,"stat.craftItem.supermoney.nineyen":14,"stat.leaveGame":3,"stat.useItem.supermoney.big_money_sword":31,"stat.craftItem.supermoney.big_money_sword":1,"stat.killEntity.Enderman":30,"stat.drop.supermoney.wallet":1,"stat.mobKills":31,"stat.useItem.minecraft.diamond_sword":1,"stat.craftItem.supermoney.usedemeraldbrock":1,"stat.flyOneCm":121815,"stat.drop":1,"stat.jump":293,"stat.playOneMinute":12660,"stat.craftItem.supermoney.eight_one_yen":1,"stat.killEntity.Sheep":1,"stat.pickup.minecraft.wool":1,"stat.damageDealt":8920,"stat.timeSinceDeath":12660,"stat.pickup.minecraft.ender_pearl":8,"stat.sprintOneCm":31737,"stat.useItem.minecraft.stone_slab2":13,"stat.pickup.supermoney.wallet":1,"stat.pickup.minecraft.mutton":1,"stat.craftingTableInteraction":6}